state,1901,1902,1903,1904,1905,1906,1907,1908,1909,1910,1911,1912,1913,1914,1915,1916,1917,1918,1919,1920,1921,1922,1923,1924,1925,1926,1927,1928,1929,1930,1931,1932,1933,1934,1935,1936,1937,1938,1939,1940,1941,1942,1943,1944,1945,1946,1947,1948,1949,1950,1951,1952,1953,1954,1955,1956,1957,1958,1959,1960,1961,1962,1963,1964,1965,1966,1967,1968,1969,1970,1971,1972,1973,1974,1975,1976,1977,1978,1979,1980,1981,1982,1983,1984,1985,1986,1987,1988,1989,1990,1991,1992,1993,1994,1995,1996,1997,1998,1999,2000,2001,2002,2003,2004,2005,2006,2007,2008,2009,2010,2011,2012,2013,2014,2015,2016,2017
Andra Pradesh,281.1,293.3916667,246.45,256.6333333,213.8916667,211.2,278.9916667,298.0333333,241.8087047,241.6166667,223.9333333,246.7083333,197.15,246.4833333,228.4416667,244.7916667,217.7,272.9166667,196.0083333,245.2666667,217.2,296.1833333,256.6329586,195.8029048,206.7083333,273.5166667,203.575,249.8583333,243.8833333,256.2583333,196.475,147.6021466,248.9583333,310.2333333,262.8333333,256.8151426,299.2583333,272.0333333,231.875,250.625,241.5166667,118.3874571,241.8087047,241.8087047,241.8087047,232.6333333,257.6759886,241.8087047,290.8,201.85,272.925,256.6583333,226.8333333,287.4166667,279.1333333,256.6583333,208.9333333,233.95,278.6166667,252.0916667,328.1833333,246.6416667,248.475,254.5666667,263.6583333,225.1,268.05,230.2333333,218.2666667,280.9083333,249.8916667,276.925,249.25,246.8416667,257.1333333,273,199.0166667,226.0333333,154.1083333,302.1083333,256.225,198.7083333,232.7083333,235.025,219.2333333,182.325,230.325,276.925,211.1416667,181.9333333,211.3,174.8833333,186.45,271.925,259.625,249.7416667,229.5916667,237.2,224.975,230.2583333,256.7333333,218.3416667,196.3083333,205,246.2083333,200.3916667,229.0166667,281.2416667,211.55,263.0916667,319,291.4666667,313.1416667,218.5416667,242.0416667,237.6583333,240.8333333
Arunachal Pradesh,284.2310818,284.2310818,284.2310818,284.2310818,284.2310818,284.2310818,284.2310818,284.2310818,284.2310818,284.2310818,284.2310818,284.2310818,284.2310818,284.2310818,284.2310818,293.2503363,302.1996253,457.1916667,391.1583333,342.225,474.2833333,348.9333333,292.2916667,370.875,369.9833333,293.4666667,437.7666667,439.3916667,360.0083333,361.1916667,406.0083333,404.2416667,314.45,381.3,347.7916667,399.0583333,281.2583333,510.7583333,324.8833333,341.625,351.6833333,319.025,360.55,325.3583333,304.1,334.2666667,364.0916667,527.5916667,406.2333333,218.4373087,279.525,199.675,222.9762261,284.2310818,284.2310818,284.2310818,320.3281374,421.9583333,349.625,309.1166667,306.375,400.9021285,344.8333333,413.275,183.0666667,184.1416667,139.0416667,178.2416667,156.4833333,164.45,182.05,190.1083333,204.8,255.3333333,184.45,201.6333333,314.5333333,210.9166667,231.1416667,267.95,232.5666667,231.6166667,277.925,273.175,272.2,207.9666667,286.1083333,346.2833333,273.475,300.3416667,286.2083333,225.5666667,279.075,190.6083333,255.7333333,210.05,189.575,301.3916667,193.0583333,216.4083333,169.6583333,199.1083333,204.3083333,212.15,194.625,188.2833333,251.7166667,187.0416667,145.8333333,237.9666667,182.8,286.7083333,170.2416667,200.2583333,230.625,225.5666667,228.7916667
Assam,208.225,246.0083333,212.05,222.0166667,232.5583333,221.9333333,210.1083333,189.8166667,198.0833333,240.6083333,258.0083333,228.6166667,230.0416667,195.325,263.7666667,216.75,210,258.9,195.3416667,218.6416667,249.9583333,188.5,203.3666667,224.3,212.5416667,209.3,232.7416667,219.5083333,246.15,212.5666667,233.3416667,240.7166667,194.925,256.2333333,223.2083333,222.6083333,193.7166667,232.2083333,200.125,204.3083333,225.7833333,223.0916667,225.3166667,210.3666667,222.1416667,223.2916667,220.2666667,265.4583333,248.6083333,199.3666667,217.825,237.6083333,213.3333333,238.2666667,230.1,233.575,188.0833333,218.875,211.3083333,195.1833333,182.95,191.3333333,209.3083333,227.475,199.9083333,232.4416667,176.9416667,210.9,194.3583333,254.0416667,192.925,198.2583333,222.675,283.6333333,189.2166667,163,218.0583333,167.65,182.3666667,190.7666667,173.275,198.525,218.35,263.075,233.475,216.0583333,243.4666667,271.8083333,223.525,230.9333333,236.5,188.3083333,239.9333333,176.775,240.5,205.5666667,197.6833333,233.5916667,216.175,207.2333333,181.55,199.3833333,202.85,249.5166667,205.6833333,158.225,229.3916667,194.9666667,172.35,225.95,145.2916667,217.45,151.375,183.85,205.9166667,188.8916667,225.9666667
Bihar,79.36666667,100.5166667,84.7,105.8083333,124.8833333,105.425,93.86666667,61.45833333,115.8833333,116.5333333,120.75,94.11666667,127.4916667,88.325,112.4583333,125.3833333,111.1666667,117.6333333,104.3833333,93.65,106.0333333,120.7666667,81.89166667,121.35,99.29166667,93.475,91.69166667,104.1333333,113.2666667,92.85833333,95.53333333,77.25,116.05,102.1916667,103.3583333,131.0416667,108.8666667,125.5583333,103.6,90.68333333,101.9166667,104.3833333,97.48333333,102.4083333,103.5666667,116.15,91.01666667,108.275,120.3666667,93.71666667,70.85,100.575,114.9,87.55,103.6916667,124.4416667,80.56666667,97.29166667,98.30833333,103.9833333,104.8333333,98.16666667,110.5166667,93.525,83.56666667,63.91666667,83.31666667,95,107.375,89.55,119.375,59.825,99.09166667,102.9333333,89.09166667,96.80833333,95.64166667,107.5666667,83.48333333,104.3333333,113.7166667,77.8,92.025,118.85,121.25,110.175,138.375,111.4583333,105.825,103.2666667,87.15,66.45833333,100.7,80.775,92.66666667,92.275,108.6416667,111.05,116.8916667,100.5833333,103.925,92.15,112.8166667,95.63333333,75.65,87.73333333,133.3416667,99.8,74.125,52.43333333,91.44166667,86.03333333,89.15,88.41666667,72.725,96.5,92.66666667
Chandigarh,32.51666667,34.975,35.74166667,43.95833333,26.9,49.475,36.99166667,57.41666667,64.11666667,50.43333333,42.475,44.1,42.375,55.39166667,35.2,52.43333333,82.23333333,19.55,46.15,30.73333333,37.2,46.05833333,48.45833333,54.56666667,46.425,51.33333333,41.86666667,32.35,25.55,41.71666667,43.25,36.65833333,71.40833333,41.775,47.36666667,42.59166667,40.13333333,23.24166667,25.85833333,32.975,30.325,67.03333333,33.99166667,40.35833333,54.55833333,36.475,38.71666667,49.33333333,40.44166667,45.93333333,28.18333333,46.375,46.81666667,44.74166667,57.83333333,54.475,51.43333333,56.08333333,40.41666667,60.24166667,52.31666667,42.58333333,43.475,59.25,31.825,58.99166667,69.99166667,32.35833333,39.76666667,44.85,53.06666667,36.73333333,43.925,32.075,51.83333333,60.55833333,61.675,54.275,28.45833333,42.775,41.10833333,42.21666667,62.04166667,39.93333333,47.7,37.58333333,26.55,70.425,34.70833333,58.6,32.81666667,35.79166667,43.64166667,47.025,68.26666667,53.725,55.71666667,57.10833333,28.70833333,32.03333333,40.45,29.775,49.78333333,40.6,43.28333333,27.58333333,37.21666667,59.19166667,32.94166667,53.36666667,42.675,32.60833333,38.44166667,25.45833333,36.29166667,33.225,35.14166667
Chhatisgarh,115.575,76.99166667,110.925,124.3666667,104.2416667,116.2166667,109.0666667,124.0666667,107.0083333,117.275,125.3583333,102.2416667,102.8916667,118.1666667,121.325,120.2583333,143.975,114.775,154.9166667,100.2833333,109.9333333,109.0666667,115.6,111.1916667,144.75,136.2333333,128.1,101.5916667,138.65,115.3,122.2416667,113.1166667,137.5666667,127.4166667,105.7666667,152.1833333,134.725,125.4833333,123.3666667,120.7083333,83.75833333,133.175,137.0833333,149.3833333,132.125,133.2583333,133.3083333,124.3083333,124.9583333,107.6833333,117.6333333,116.3666667,114.1833333,99.48333333,120.0583333,129.75,101.8666667,126.7416667,128.6916667,113.7,164.4916667,93.725,111.425,125.7416667,78.45833333,90.58333333,122.7,97.33333333,97.70833333,125.125,127.8166667,99.91666667,122.275,79.25833333,122.9416667,114.95,122.1083333,114.1916667,75.38333333,124.6166667,101.3666667,99.775,114.3416667,104.5583333,103.125,114.05,95.23333333,100.525,98.93333333,136.9916667,101.7416667,96.38333333,100.45,146.2166667,106.725,98.925,109.7666667,111.0583333,110.225,75.53333333,133.3416667,82.53333333,141.1833333,95.39166667,107.275,109.8166667,106.7666667,92.38333333,79.725,108.8833333,108.55,114.7833333,118.3333333,106.55,93.14166667,109.6583333,93.70833333
Dadra and Nagar Haveli,46.19166667,72,73.975,41.05,67.625,74.20833333,83.075,85.625,81.48333333,81.21666667,33.625,93.21666667,96.88333333,92.29166667,47.275,79.40833333,127.075,32.725,88.95,59.06666667,97.725,73.21666667,46.1,75.8,49.41666667,106.2,118.5083333,68.41666667,56.35833333,74.55,92.04166667,75.55,94.75,81.625,63.08333333,50.76666667,100.25,67.89166667,50.46666667,72.5,80.14166667,98.88333333,76.06666667,111.7,106.4,95.63333333,65.275,39.48333333,66.7,94.10833333,39.86666667,64.7,87.95,103.9916667,81.29166667,113.8916667,53.98333333,93.60833333,130.05,54.13333333,78.75,64.41666667,83.14166667,74.39166667,54.73333333,58.04166667,78.21666667,55.65833333,65.74166667,112.825,64.1,41.975,96.64166667,35.10833333,99.38333333,135.0083333,108.9666667,77.98333333,75.36666667,68.50833333,92.85,63.18333333,101.1666667,71.14166667,49.14166667,41.825,33.48333333,91.45,68.575,93.19166667,56.05833333,75.08333333,78.44166667,127.875,57.01666667,75.225,89.08333333,89.16666667,47.38333333,45.875,70.75,53.1,96.68333333,83.81666667,109.6916667,123.1666667,98.25,75.925,53.45833333,90.725,74.19166667,59.49166667,93.2,58.80833333,51.91666667,63.725,85.36666667
Delhi,32.51666667,34.975,35.74166667,43.95833333,26.9,49.475,36.99166667,57.41666667,64.11666667,50.43333333,42.475,44.1,42.375,55.39166667,35.2,52.43333333,82.23333333,19.55,46.15,30.73333333,37.2,46.05833333,48.45833333,54.56666667,46.425,51.33333333,41.86666667,32.35,25.55,41.71666667,43.25,36.65833333,71.40833333,41.775,47.36666667,42.59166667,40.13333333,23.24166667,25.85833333,32.975,30.325,67.03333333,33.99166667,40.35833333,54.55833333,36.475,38.71666667,49.33333333,40.44166667,45.93333333,28.18333333,46.375,46.81666667,44.74166667,57.83333333,54.475,51.43333333,56.08333333,40.41666667,60.24166667,52.31666667,42.58333333,43.475,59.25,31.825,58.99166667,69.99166667,32.35833333,39.76666667,44.85,53.06666667,36.73333333,43.925,32.075,51.83333333,60.55833333,61.675,54.275,28.45833333,42.775,41.10833333,42.21666667,62.04166667,39.93333333,47.7,37.58333333,26.55,70.425,34.70833333,58.6,32.81666667,35.79166667,43.64166667,47.025,68.26666667,53.725,55.71666667,57.10833333,28.70833333,32.03333333,40.45,29.775,49.78333333,40.6,43.28333333,27.58333333,37.21666667,59.19166667,32.94166667,53.36666667,42.675,32.60833333,38.44166667,25.45833333,36.29166667,33.225,35.14166667
Goa,232.7333333,222.8333333,257.0166667,199.475,140.2416667,201.5666667,230.5416667,227.9583333,238.375,212,177.8916667,232.7666667,218.125,288.7166667,210.4833333,283.55,285.9083333,155.6,237.65,160.3333333,241.6,234.8,230.8666667,203.6833333,192.1,263.8166667,228.9166667,264.375,209.1083333,237.15,333.275,246.9083333,278.6166667,272.6916667,211.8833333,231.9416667,265.9916667,291.2916667,229.8833333,276.1416667,157.475,273.2833333,270.9333333,246.0166667,270.375,279.9166667,257.5083333,259.9666667,267.8083333,244.1,237.4416667,210.1583333,277.3083333,315.8666667,324.7833333,305.3083333,260.2916667,333.3583333,299.05,252.3166667,326.75,290.4333333,300.5666667,266.0583333,255.9666667,202.3,229.3666667,196.6083333,260.6083333,299.7166667,229.5,156.0833333,236.35,257.225,292.9583333,255.2416667,258.6166667,240.4583333,209.1,227.0166667,260.3916667,224.9,317.875,215.3166667,247.375,177.3,219.5833333,274.4166667,230.95,297.3333333,246.2166667,236.7,290.0666667,264.9833333,230.5083333,243.4,252.2666667,269.55,242.675,261.1,199.6166667,211.4416667,236.85,248.8416667,301.3166667,290.1833333,289.025,254.4166667,226.3833333,314.8416667,318.7666667,251.5333333,293.6583333,229.8083333,173.4833333,305.325,286.95
Gujarat,46.19166667,72,73.975,41.05,67.625,74.20833333,83.075,85.625,81.48333333,81.21666667,33.625,93.21666667,96.88333333,92.29166667,47.275,79.40833333,127.075,32.725,88.95,59.06666667,97.725,73.21666667,46.1,75.8,49.41666667,106.2,118.5083333,68.41666667,56.35833333,74.55,92.04166667,75.55,94.75,81.625,63.08333333,50.76666667,100.25,67.89166667,50.46666667,72.5,80.14166667,98.88333333,76.06666667,111.7,106.4,95.63333333,65.275,39.48333333,66.7,94.10833333,39.86666667,64.7,87.95,103.9916667,81.29166667,113.8916667,53.98333333,93.60833333,130.05,54.13333333,78.75,64.41666667,83.14166667,74.39166667,54.73333333,58.04166667,78.21666667,55.65833333,65.74166667,112.825,64.1,41.975,96.64166667,35.10833333,99.38333333,135.0083333,108.9666667,77.98333333,75.36666667,68.50833333,92.85,63.18333333,101.1666667,71.14166667,49.14166667,41.825,33.48333333,91.45,68.575,93.19166667,56.05833333,75.08333333,78.44166667,127.875,57.01666667,75.225,89.08333333,89.16666667,47.38333333,45.875,70.75,53.1,96.68333333,83.81666667,109.6916667,123.1666667,98.25,75.925,53.45833333,90.725,74.19166667,59.49166667,93.2,58.80833333,51.91666667,63.725,85.36666667
Haryana,32.51666667,34.975,35.74166667,43.95833333,26.9,49.475,36.99166667,57.41666667,64.11666667,50.43333333,42.475,44.1,42.375,55.39166667,35.2,52.43333333,82.23333333,19.55,46.15,30.73333333,37.2,46.05833333,48.45833333,54.56666667,46.425,51.33333333,41.86666667,32.35,25.55,41.71666667,43.25,36.65833333,71.40833333,41.775,47.36666667,42.59166667,40.13333333,23.24166667,25.85833333,32.975,30.325,67.03333333,33.99166667,40.35833333,54.55833333,36.475,38.71666667,49.33333333,40.44166667,45.93333333,28.18333333,46.375,46.81666667,44.74166667,57.83333333,54.475,51.43333333,56.08333333,40.41666667,60.24166667,52.31666667,42.58333333,43.475,59.25,31.825,58.99166667,69.99166667,32.35833333,39.76666667,44.85,53.06666667,36.73333333,43.925,32.075,51.83333333,60.55833333,61.675,54.275,28.45833333,42.775,41.10833333,42.21666667,62.04166667,39.93333333,47.7,37.58333333,26.55,70.425,34.70833333,58.6,32.81666667,35.79166667,43.64166667,47.025,68.26666667,53.725,55.71666667,57.10833333,28.70833333,32.03333333,40.45,29.775,49.78333333,40.6,43.28333333,27.58333333,37.21666667,59.19166667,32.94166667,53.36666667,42.675,32.60833333,38.44166667,25.45833333,36.29166667,33.225,35.14166667
Himachal Pradesh,112.0833333,79.3,82.78333333,82.29166667,77.51666667,109.7833333,72.93333333,82.29166667,89.75833333,117.2416667,111.1583333,100.6333333,93.275,144.6583333,103.0666667,97.675,141.9583333,82.06666667,101.1083333,90.4,109.2833333,143.2166667,135.0833333,138.3833333,125.7833333,120.8166667,119.5583333,109.0666667,118.725,108.7833333,105.5333333,118.2166667,103.3666667,81.83333333,85.66666667,96.49166667,122.075,77.28333333,73.13333333,90.71666667,74.625,110.6833333,101.925,94.05833333,137.25,128.25,109.45,146.5583333,109.2583333,140.375,103.2083333,105.3,118.8,143.125,159.9333333,128.4666667,151.8833333,131.025,136.7,92.94166667,126.3,116.1333333,112.8833333,112.8333333,101.6916667,114.25,129.8833333,97.35,93.975,90.225,106.2416667,70.19166667,79.6,64.69166667,87.83333333,98.29166667,103.75,114.2666667,85.08333333,96.24166667,95.6,118.5833333,99.13333333,80.69166667,99.5,110.2166667,86.29166667,156.7583333,98.1,121.9,92.06666667,115.2583333,94.025,117.525,124.475,115.3666667,121.2083333,115.125,95.40833333,89.00833333,82.65,82.54166667,86.2,73.19166667,104.0416667,101.5333333,86.2,92.85833333,79.70833333,104.95,92.35,79.30833333,101,84.075,100.875,76.79166667,98.51666667
Jammu and Kashmir,81.66666667,63.36666667,107.225,81.84166667,96.46666667,99.425,89.13333333,102.2833333,111.6583333,92.46666667,106.675,78.05833333,83.35,141.0166667,80.31666667,86.19166667,115.5083333,76.375,99.1,74.15833333,88.14166667,74.23333333,105.3583333,98.5,84.44166667,93.625,81.08333333,107.5916667,91.89166667,97.33333333,79.575,86.61666667,98.975,66.925,90.45,95.075,78.31666667,88.48333333,83.60833333,73.2,72.64166667,103.325,97.30833333,87.575,71.35833333,76.85833333,76.15833333,98.59166667,78.91666667,126.925,80.23333333,89.125,102.475,108.9416667,96.375,126.725,126.6916667,112.5333333,129.1833333,63.86666667,94.825,77.525,75.75833333,78.85,76.04166667,114.9083333,90.95,88.79166667,91.3,54.74166667,63.70833333,95.475,91.70833333,66.875,98.375,85.28333333,79.59166667,88.46666667,89.78333333,84.80833333,94.625,100.175,123.7666667,96.44166667,97.26666667,126.7583333,101.3333333,139.25,101.3333333,131.15,120.75,123.1666667,103.6416667,144.3666667,134.9666667,135.0416667,107.9916667,110.4833333,74.21666667,82.05,79.39166667,75.28333333,109.2583333,78.73333333,141.05,126.6583333,85.3,102.0416667,92.03244353,83.15,73.96666667,86.225,71.60833333,91.125,131.075,75.24166667,106.5916667
Jharkhand,106.2083333,99.8,97.85833333,123.4,112.8916667,109.525,121.3,101.1833333,120.6583333,108.1166667,122.95,95.23333333,132.15,101.2833333,91.85,113.6916667,143.6916667,96.89166667,136.1166667,117.9166667,102.8083333,120.2666667,119.3166667,119.325,110.6333333,123.2,106.925,115.3333333,134.2916667,119.5,112.5416667,99.475,127.975,99.78333333,95.96666667,138.7,120.8666667,102.475,126.65,102.6583333,126.1333333,132.4166667,129.675,115.5416667,109.0583333,129.4333333,102.8833333,116.8916667,119.725,116.075,89.3,115.6083333,125.7833333,88.29166667,90.06666667,129.6416667,114.7833333,98.375,133.325,104.0666667,130.05,87.30833333,109.575,95.86666667,84.36666667,73.30833333,102.1083333,107.7666667,96.50833333,107.6166667,158.225,83.01666667,120.1,93.91666667,113.4583333,99.30833333,126.7916667,129.6916667,73.56666667,111.7,97.26666667,90.44166667,105.15,127.4833333,103.3583333,111.2916667,111.0583333,96.13333333,95.74166667,117.0416667,104.25,77.76666667,100.3333333,131.6166667,113.8833333,99.3,121.775,112.8083333,132.2416667,99.29166667,104.5416667,86.24166667,103.7416667,94.73333333,80.04166667,121.6083333,119.775,110.45,83.025,58.09166667,114.55,88.74166667,104.4583333,96.38333333,90.15,105.3416667,97.14166667
Karnataka,83.575,85.01666667,105.825,70.49166667,63.29166667,83.725,83.2,65.84166667,90.60833333,96.425,75.525,95.825,73.025,77.225,85.975,102.55,91.19166667,61.11666667,84.275,69.06666667,82.175,74.75833333,82.53333333,93.925,81.86666667,74.75,71.98333333,79.2,86.25,82.78333333,84.375,105.85,110.75,65.525,79.55833333,79.85833333,75.925,72.61666667,85.375,98.33333333,78.13333333,77.73333333,94.75833333,85.46666667,66.03333333,103.7583333,79.85833333,89.50833333,73.04166667,79.7,77.10833333,72.65,104.6666667,85.925,83.5,103.6333333,88.73333333,100.825,106.7333333,82.50833333,117.4583333,108.9083333,82.74166667,97.45,61.25833333,84.24166667,78.35,83.41666667,92.20833333,89.49166667,85.01666667,88.675,90.54166667,87.61666667,111.1916667,63.44166667,100.65,102.625,93.39166667,102.0833333,98.70833333,83.625,92.59166667,88.65833333,71.61666667,85.85,77.88333333,85.18333333,76.11666667,70.70833333,101.7666667,100.0916667,86.50833333,96.475,73.6,87.00833333,98.34166667,92.75,95.80833333,100.6083333,77.2,62.98333333,63.55833333,94.45833333,109.9416667,85.875,102.5833333,95.05,96.53333333,103.3166667,90.60833333,73.16666667,92.55,98.675,92.70833333,57.28333333,88.48333333
Kerala,270.7166667,277.2083333,272.6166667,260.8,228.475,225.675,305.9083333,220.6916667,254.175,237.3833333,227.2333333,287.6083333,217.5583333,241.6,252.0583333,245.45,225.4,208.4916667,250.2583333,275.2666667,226.6666667,272.3083333,290.4083333,352.1916667,255.1833333,247.1166667,249.5666667,208.5583333,280.1333333,251.5,271.625,283.5916667,339.4,200.8916667,208.175,253.5916667,234.8416667,219.5083333,244.7916667,259.8166667,259.2666667,254.25,288.6916667,207.4916667,202.6916667,297.125,249.8333333,253.2666667,245.2083333,262.225,225.4666667,194.5666667,212.0666667,244.825,261.2166667,233.1916667,258.6,243.5916667,312.1833333,282.1333333,354.825,281.3166667,220.9166667,239.1,195.2083333,218.4833333,214.0916667,282.725,222.075,225.275,256.3916667,228.2666667,201.0333333,230.625,291.5333333,172.4,253.9666667,264.725,208.5916667,233.6166667,250.4833333,185.275,193.375,230.1833333,199.2333333,174.45,178.1333333,200.2833333,201.8833333,224.4416667,265.375,269.95,226.475,284.2333333,238.2333333,217.4916667,271.0416667,262.6166667,242.8916667,201.0416667,244.25,208.9583333,199.5666667,240.5,252.6,285.05,290.8,210.3916667,234.225,260.9916667,252.9416667,179.2666667,271.2916667,253.8833333,216.725,155.9,222.0666667
Ladakh,81.66666667,63.36666667,107.225,81.84166667,96.46666667,99.425,89.13333333,102.2833333,111.6583333,92.46666667,106.675,78.05833333,83.35,141.0166667,80.31666667,86.19166667,115.5083333,76.375,99.1,74.15833333,88.14166667,74.23333333,105.3583333,98.5,84.44166667,93.625,81.08333333,107.5916667,91.89166667,97.33333333,79.575,86.61666667,98.975,66.925,90.45,95.075,78.31666667,88.48333333,83.60833333,73.2,72.64166667,103.325,97.30833333,87.575,71.35833333,76.85833333,76.15833333,98.59166667,78.91666667,126.925,80.23333333,89.125,102.475,108.9416667,96.375,126.725,126.6916667,112.5333333,129.1833333,63.86666667,94.825,77.525,75.75833333,78.85,76.04166667,114.9083333,90.95,88.79166667,91.3,54.74166667,63.70833333,95.475,91.70833333,66.875,98.375,85.28333333,79.59166667,88.46666667,89.78333333,84.80833333,94.625,100.175,123.7666667,96.44166667,97.26666667,126.7583333,101.3333333,139.25,101.3333333,131.15,120.75,123.1666667,103.6416667,144.3666667,134.9666667,135.0416667,107.9916667,110.4833333,74.21666667,82.05,79.39166667,75.28333333,109.2583333,78.73333333,141.05,126.6583333,85.3,102.0416667,92.03244353,83.15,73.96666667,86.225,71.60833333,91.125,131.075,75.24166667,106.5916667
Lakshadweep,121.6,179.9,119.8271285,98.075,131.2416667,150.9666667,121.5666667,163.2583333,121.9583333,154.1,140.6416667,137.9083333,126.5416667,169.5,128.7916667,116.5416667,121.7989381,132.3721751,160.5416667,172.7086978,132.4509886,160.7083333,131.0166667,164.3333333,139.7416667,153.0166667,117.7503363,119.5246253,130.1825571,104.8666667,135.486481,157.8083333,192.8416667,90.65833333,127.4333333,145.3416667,120.3,128.9666667,100.6083333,117.225,96.95,148.85,166.073476,139.0083333,110.1083333,113.5226891,146.325,110.4416667,149.5575571,124.5083333,142.9416667,93.70833333,133.85,129.625,129.025,107.2833333,112.2666667,82.71666667,131.9666667,158.4833333,186.275,132.2166667,158.5083333,137.6416667,117.1583333,145.125,107.275,112.0333333,118.0083333,148.5833333,158.45,107.3,129.7833333,125.9416667,157.5416667,125.175,154.0166667,163.95,152.1166667,100.975,134.7833333,116,116.9333333,132.6333333,108.6166667,122.1583333,107.3833333,120.9,142.8666667,109.2083333,131.9166667,127.9083333,120.8083333,128.925,169.2416667,133.8333333,147.0583333,165.575,154.775,114.3416667,115.05,86.125,127.7416667,129.4333333,131.2833333,133.2166667,196.8,143.9,130.8416667,143.7666667,127.8083333,117.125,118.8583333,116.25,136.9083333,88.80833333,132.3721751
Madya Pradesh,64.09166667,65.33333333,69.825,50.3,44.80833333,62.025,67.925,60.16666667,62.93333333,76.26666667,45.375,63.74166667,61.04166667,86.575,75.65833333,89.375,78.18333333,36.51666667,73.24166667,50.025,61.19166667,67.09166667,56.74166667,62.35833333,55.14166667,65.6,77.08333333,69.30833333,57.53333333,77.425,94.35833333,87.08333333,96.03333333,71.53333333,68.25,61.29166667,76.2,93.85833333,68.475,74.44166667,64.525,78.43333333,82.75833333,90.5,66.10833333,91.96666667,75.46666667,84.68333333,79.45833333,77.70833333,66.39166667,56.95,74.475,82.08333333,81.75833333,102.8166667,70.81666667,87.84166667,93.24166667,73.825,89.21666667,74.91666667,74.99166667,78.8,65.88333333,69.79166667,76.1,68.66666667,82.01666667,78.43333333,64.44166667,43.325,81.71666667,75.98333333,86.725,85.49166667,78.925,73.64166667,85.55833333,78.29166667,77.48333333,62.66666667,76.55,64.98333333,54.66666667,53.69166667,67.29166667,81.375,68.04166667,85.20833333,73.39166667,65.925,84.99166667,85.13333333,64.7,81.275,83.40833333,91.75833333,80.48333333,58.45833333,65.40833333,61.68333333,64.375,85.79166667,101.7833333,116.3,86.7,76.4,78.49166667,85.63333333,71.04166667,57.5,80.20833333,69.83333333,53.70833333,75.51666667,82.85833333
Maharashtra,64.09166667,65.33333333,69.825,50.3,44.80833333,62.025,67.925,60.16666667,62.93333333,76.26666667,45.375,63.74166667,61.04166667,86.575,75.65833333,89.375,78.18333333,36.51666667,73.24166667,50.025,61.19166667,67.09166667,56.74166667,62.35833333,55.14166667,65.6,77.08333333,69.30833333,57.53333333,77.425,94.35833333,87.08333333,96.03333333,71.53333333,68.25,61.29166667,76.2,93.85833333,68.475,74.44166667,64.525,78.43333333,82.75833333,90.5,66.10833333,91.96666667,75.46666667,84.68333333,79.45833333,77.70833333,66.39166667,56.95,74.475,82.08333333,81.75833333,102.8166667,70.81666667,87.84166667,93.24166667,73.825,89.21666667,74.91666667,74.99166667,78.8,65.88333333,69.79166667,76.1,68.66666667,82.01666667,78.43333333,64.44166667,43.325,81.71666667,75.98333333,86.725,85.49166667,78.925,73.64166667,85.55833333,78.29166667,77.48333333,62.66666667,76.55,64.98333333,54.66666667,53.69166667,67.29166667,81.375,68.04166667,85.20833333,73.39166667,65.925,84.99166667,85.13333333,64.7,81.275,83.40833333,91.75833333,80.48333333,58.45833333,65.40833333,61.68333333,64.375,85.79166667,101.7833333,116.3,86.7,76.4,78.49166667,85.63333333,71.04166667,57.5,80.20833333,69.83333333,53.70833333,75.51666667,82.85833333
Manipur,180.6916667,181.2416667,185.9083333,209.9666667,210.625,209.5416667,176.8166667,193.2666667,192.4,189.0083333,206.65,192.4083333,217.7583333,210.7583333,234.9916667,212.9083333,185.1833333,251.1,170.675,197.975,219.85,205.225,223.7916667,225.1416667,203.95,205.2666667,240.6083333,206.0333333,238.2833333,207.2833333,205.1,230.15,204.3166667,253.4,211.9416667,243.1,228.475,247.6416667,217.3666667,210.575,247.175,223.4,202.3333333,239.7666667,254.3166667,253.0083333,267.5416667,235.1666667,248.025,201.9083333,217.45,234.2416667,221.8083333,242.0833333,238.775,251.8916667,191.9916667,164.0416667,193.9666667,150,158.4333333,151.875,247.5,194.0666667,169.25,206.5583333,185.8333333,175.8333333,300.8416667,359.6916667,256.7416667,112.825,175.5083333,194.1333333,184.15,220.9416667,196.55,179.2166667,145.7666667,192.075,172.6916667,168.9583333,215.675,204.5,175.4416667,195.1833333,196.7666667,235.0166667,196.5916667,215.1833333,237.6583333,185.125,240.1416667,142.7083333,195.0083333,182.8833333,184.3416667,185.45,186.075,196.9916667,179.1,186.8666667,180.1916667,196.1416667,153.0583333,156.0166667,211.525,145.7416667,144.8083333,191.2666667,157.6833333,160.25,129.7583333,133.325,160.1833333,163.0333333,233.775
Meghalaya,180.6916667,181.2416667,185.9083333,209.9666667,210.625,209.5416667,176.8166667,193.2666667,192.4,189.0083333,206.65,192.4083333,217.7583333,210.7583333,234.9916667,212.9083333,185.1833333,251.1,170.675,197.975,219.85,205.225,223.7916667,225.1416667,203.95,205.2666667,240.6083333,206.0333333,238.2833333,207.2833333,205.1,230.15,204.3166667,253.4,211.9416667,243.1,228.475,247.6416667,217.3666667,210.575,247.175,223.4,202.3333333,239.7666667,254.3166667,253.0083333,267.5416667,235.1666667,248.025,201.9083333,217.45,234.2416667,221.8083333,242.0833333,238.775,251.8916667,191.9916667,164.0416667,193.9666667,150,158.4333333,151.875,247.5,194.0666667,169.25,206.5583333,185.8333333,175.8333333,300.8416667,359.6916667,256.7416667,112.825,175.5083333,194.1333333,184.15,220.9416667,196.55,179.2166667,145.7666667,192.075,172.6916667,168.9583333,215.675,204.5,175.4416667,195.1833333,196.7666667,235.0166667,196.5916667,215.1833333,237.6583333,185.125,240.1416667,142.7083333,195.0083333,182.8833333,184.3416667,185.45,186.075,196.9916667,179.1,186.8666667,180.1916667,196.1416667,153.0583333,156.0166667,211.525,145.7416667,144.8083333,191.2666667,157.6833333,160.25,129.7583333,133.325,160.1833333,163.0333333,233.775
Mizoram,180.6916667,181.2416667,185.9083333,209.9666667,210.625,209.5416667,176.8166667,193.2666667,192.4,189.0083333,206.65,192.4083333,217.7583333,210.7583333,234.9916667,212.9083333,185.1833333,251.1,170.675,197.975,219.85,205.225,223.7916667,225.1416667,203.95,205.2666667,240.6083333,206.0333333,238.2833333,207.2833333,205.1,230.15,204.3166667,253.4,211.9416667,243.1,228.475,247.6416667,217.3666667,210.575,247.175,223.4,202.3333333,239.7666667,254.3166667,253.0083333,267.5416667,235.1666667,248.025,201.9083333,217.45,234.2416667,221.8083333,242.0833333,238.775,251.8916667,191.9916667,164.0416667,193.9666667,150,158.4333333,151.875,247.5,194.0666667,169.25,206.5583333,185.8333333,175.8333333,300.8416667,359.6916667,256.7416667,112.825,175.5083333,194.1333333,184.15,220.9416667,196.55,179.2166667,145.7666667,192.075,172.6916667,168.9583333,215.675,204.5,175.4416667,195.1833333,196.7666667,235.0166667,196.5916667,215.1833333,237.6583333,185.125,240.1416667,142.7083333,195.0083333,182.8833333,184.3416667,185.45,186.075,196.9916667,179.1,186.8666667,180.1916667,196.1416667,153.0583333,156.0166667,211.525,145.7416667,144.8083333,191.2666667,157.6833333,160.25,129.7583333,133.325,160.1833333,163.0333333,233.775
Nagaland,180.6916667,181.2416667,185.9083333,209.9666667,210.625,209.5416667,176.8166667,193.2666667,192.4,189.0083333,206.65,192.4083333,217.7583333,210.7583333,234.9916667,212.9083333,185.1833333,251.1,170.675,197.975,219.85,205.225,223.7916667,225.1416667,203.95,205.2666667,240.6083333,206.0333333,238.2833333,207.2833333,205.1,230.15,204.3166667,253.4,211.9416667,243.1,228.475,247.6416667,217.3666667,210.575,247.175,223.4,202.3333333,239.7666667,254.3166667,253.0083333,267.5416667,235.1666667,248.025,201.9083333,217.45,234.2416667,221.8083333,242.0833333,238.775,251.8916667,191.9916667,164.0416667,193.9666667,150,158.4333333,151.875,247.5,194.0666667,169.25,206.5583333,185.8333333,175.8333333,300.8416667,359.6916667,256.7416667,112.825,175.5083333,194.1333333,184.15,220.9416667,196.55,179.2166667,145.7666667,192.075,172.6916667,168.9583333,215.675,204.5,175.4416667,195.1833333,196.7666667,235.0166667,196.5916667,215.1833333,237.6583333,185.125,240.1416667,142.7083333,195.0083333,182.8833333,184.3416667,185.45,186.075,196.9916667,179.1,186.8666667,180.1916667,196.1416667,153.0583333,156.0166667,211.525,145.7416667,144.8083333,191.2666667,157.6833333,160.25,129.7583333,133.325,160.1833333,163.0333333,233.775
Orissa,107.0166667,112.4083333,130.6833333,126.2333333,113.1083333,117.35,120.6,119.2166667,127.9416667,133.2083333,118.1083333,116.4333333,128.6916667,133.2166667,119.7416667,123.2916667,154.1666667,108.125,146.4916667,116.875,110.3416667,122.2166667,104.8833333,105.2916667,150.6583333,127.975,127.1333333,132.125,136.4833333,120.5083333,123.0833333,120.0166667,154.25,124.075,101.6083333,156.325,130.6166667,120.1333333,130.3,140.6416667,119.6083333,120.6666667,132.2083333,134.0166667,128.2166667,134.575,117.575,111.1583333,112.4083333,116.0666667,116.3583333,126.4083333,119.8166667,100.6666667,133.0916667,157.1166667,106.4583333,135.3333333,124.65,132.75,162.1,112.2166667,130.175,112.875,97.88333333,107.2416667,118.9583333,122.0083333,106.925,117.6916667,133.0666667,110.4166667,131.125,82.25,116,98.25,123.1583333,119.9083333,83,121.9083333,107.9666667,104.8833333,119.3416667,114.7833333,133.9416667,129.9916667,91.475,108.9083333,108.3083333,158.7583333,122.7166667,110.7833333,120.675,145.3916667,134.5,88.46666667,125.3833333,113.1,123.7,91.43333333,139.375,91.9,137.35,107.5333333,125.2833333,143.075,136.15,128.25,110.8583333,107.6833333,112.1916667,117.1583333,136.025,128.0833333,100.8333333,104.4583333,112.0333333
Puducherry,121.6,179.9,119.8271285,98.075,131.2416667,150.9666667,121.5666667,163.2583333,121.9583333,154.1,140.6416667,137.9083333,126.5416667,169.5,128.7916667,116.5416667,121.7989381,132.3721751,160.5416667,172.7086978,132.4509886,160.7083333,131.0166667,164.3333333,139.7416667,153.0166667,117.7503363,119.5246253,130.1825571,104.8666667,135.486481,157.8083333,192.8416667,90.65833333,127.4333333,145.3416667,120.3,128.9666667,100.6083333,117.225,96.95,148.85,166.073476,139.0083333,110.1083333,113.5226891,146.325,110.4416667,149.5575571,124.5083333,142.9416667,93.70833333,133.85,129.625,129.025,107.2833333,112.2666667,82.71666667,131.9666667,158.4833333,186.275,132.2166667,158.5083333,137.6416667,117.1583333,145.125,107.275,112.0333333,118.0083333,148.5833333,158.45,107.3,129.7833333,125.9416667,157.5416667,125.175,154.0166667,163.95,152.1166667,100.975,134.7833333,116,116.9333333,132.6333333,108.6166667,122.1583333,107.3833333,120.9,142.8666667,109.2083333,131.9166667,127.9083333,120.8083333,128.925,169.2416667,133.8333333,147.0583333,165.575,154.775,114.3416667,115.05,86.125,127.7416667,129.4333333,131.2833333,133.2166667,196.8,143.9,130.8416667,143.7666667,127.8083333,117.125,118.8583333,116.25,136.9083333,88.80833333,132.3721751
Punjab,43.60833333,33.15833333,47.575,37.625,36.175,56.45833333,49.08333333,61.70833333,70.475,51.36666667,42.15,44.7,46.75833333,66.2,35.13333333,49.03333333,93.89166667,28.3,45.81666667,31.925,30.85833333,42.8,61.48333333,49.24166667,52.475,50.61666667,40.09166667,36.44166667,35.25,46.45,49.05833333,40.85833333,71.70833333,35.76666667,49.83333333,52.2,47.59166667,35.9,33.65,44.35833333,42.2,72.625,35.2,52.225,67.10833333,39.83333333,50.075,51.69166667,48.75,82.66666667,41.625,47.16666667,50.96666667,52.76666667,81.175,62.54166667,59.20833333,69,58.30833333,50.58333333,57.50833333,64.11666667,39.675,59.075,35.275,53.175,56.69166667,44.68333333,41.23333333,54.21666667,62.34166667,39.25833333,61.925,29.69166667,58.81666667,66.21666667,59.39166667,60.05833333,38.65833333,55.14166667,41.98333333,47.61666667,62.58333333,59.2,62.75,51,34.125,101.8833333,40.03333333,62.89166667,39.65,39.84166667,48.575,48.40833333,72.43333333,49.13333333,57.50833333,49.05,30.38333333,33.775,36.75,22.89166667,35.4,29.31666667,46,53.975,49.56666667,59.76666667,30.09166667,37.625,58.75833333,41.125,48.88333333,31.90833333,42.56666667,37.00833333,41.45833333
Rajasthan,13.23333333,16.29166667,25.6,13.99166667,9.533333333,22.46666667,29.44166667,48.5,35.51666667,24.45,11.575,23.31666667,20.675,25.19166667,12.275,35.14166667,64.06666667,5.183333333,25.41666667,20.71666667,18.16666667,20.40833333,22.78333333,24.75,14.13333333,36.68333333,27.70833333,22.675,25.275,19.16666667,32.94166667,22.09166667,31.35,26.86666667,21.39166667,22.11666667,24.36666667,15.29166667,11.45,24.36666667,18.71666667,28.24166667,24.625,43.75,30.325,18.58333333,21.1,19.45833333,18.725,23.19166667,14.99166667,22.26666667,25.35833333,20.875,32.60833333,31.175,22.275,22.00833333,27.95,18.15,33.35833333,21.86666667,14.54166667,28.11666667,17.93333333,21.075,28.35833333,11.83333333,9.908333333,29.64166667,20.975,15.49166667,37.9,13.69166667,46.15833333,35.425,32.43333333,31.63333333,25.7,19.85833333,20.70833333,25.98333333,39.10833333,16.94166667,16.44166667,17.01666667,11.91666667,23.36666667,20.68333333,37.08333333,14.925,35.48333333,24.45833333,34.61666667,30.65,25.65,28.76666667,23.3,17.025,19.61666667,23.775,7.683333333,30.675,16.4,21.71666667,30.10833333,25.89166667,27.00833333,13.375,39.44166667,34.89166667,27.275,32.45833333,25.2,38.20833333,28.91666667,34.01666667
Sikkim,176.0916667,265.025,200.3583333,180.825,250.4166667,218.1583333,210.8333333,165.6833333,222.5166667,253.8416667,266.175,232.8083333,244.575,201.1916667,208.75,289.7333333,236.8166667,248.475,212.0333333,240.3416667,292.775,250.1416667,207.4083333,245.9,240.5416667,219.8,227.6833333,239.0833333,244.275,182.0166667,239.7,226.3,209.5083333,217.7416667,232.0916667,221.6916667,214.025,270.7666667,215.9166667,193.35,226.4916667,197.1083333,243.1333333,215.2666667,229.6166667,230.7,211.1833333,244.7083333,273.9666667,230.2166667,223.6,272.575,216.1666667,254.6416667,249.4,240.45,185.4583333,235.0166667,215.0166667,217.5333333,192.0166667,210.15,217.0666667,248.4583333,230.2333333,209.6166667,238.375,281.5666667,202.0666667,225.1833333,268.9083333,201.2166667,233.7166667,278.4583333,221.9833333,232.8333333,242.2,198.1583333,209.3083333,262.3833333,247.4416667,194.7916667,236.5583333,229.0333333,253.1583333,197.1166667,265.4583333,261.7916667,237.8833333,297.1166667,256.0166667,196.575,241.325,177.2583333,296.475,233.35,212.6166667,304.6,276.9416667,242.3416667,217.7166667,212.2416667,226.9166667,226.2333333,233.975,188.5083333,219.8916667,224.15,193.725,217.7083333,201.5666667,219.3583333,200.5083333,193.5416667,209.875,218.7333333,223.7333333
Tamilnadu,80.03333333,94.86666667,96.98333333,55.275,68.425,82.50833333,73.8,63.75,79.54166667,78.63333333,67.925,75.34166667,73.25,79.44166667,82.38333333,74.79166667,79.025,72.65,85.71666667,96.19166667,81.60833333,90.025,69.50833333,74.6,84.45833333,67.975,69.16666667,80.90833333,81.475,106.2833333,86.65,92.48333333,84.24166667,69.975,74.48333333,78.70833333,85,65.25,87.98333333,98.20833333,83.9,70.60833333,98.95,102.3,65.33333333,107.8416667,78.28333333,75.55,70.04166667,62.29166667,71.25,59.68333333,80.66666667,84.69166667,88.38333333,82.48333333,72.25,71.04166667,74.525,84.48333333,75.9,78.46666667,89.39166667,75.88333333,76.80833333,97.24166667,74.93333333,65.78333333,80.15,78.5,87.3,91.10833333,71.55833333,54.4,76.975,71.58333333,103.8333333,83.24166667,91.94166667,59.1,87.16666667,56.56666667,83.99166667,85.30833333,88.61666667,79.41666667,80.28333333,69.76666667,71.39166667,75.26666667,79.56666667,76.56666667,90.19166667,75.49166667,70.28333333,89.10833333,79.20833333,89.98333333,76.88333333,81.01666667,40.29166667,26.5,29.04166667,86.46666667,113.7833333,77.31666667,88.925,100.2833333,77.375,91.275,77.225,53.01666667,61.83333333,76.08333333,100.3833333,44.6,81.08333333
Telangana,68.975,52.53333333,106.9583333,43.89166667,60.4,71.275,70.3,81.9,64.125,81.31666667,55.16666667,61.98333333,61.00833333,90.28333333,85.16666667,96.89166667,100.4916667,46.23333333,74.54166667,36.4,83.61666667,63.975,65.525,78.7,97.325,63.625,83.8,83.85833333,65.89166667,69.65833333,98.58333333,79.15833333,116.3416667,77.33333333,74.875,96.40833333,72.16666667,97.95,61.675,90.21666667,49.53333333,75.58333333,74.95,80.03333333,85.625,68.575,83.79166667,76.25,86.55,63.45,75.06666667,60.81666667,106,77.36666667,100.2666667,93.38333333,81.93333333,92.81666667,102.0166667,69.95833333,95.55,94.89166667,84.18333333,73.95833333,64.9,80.91666667,78.50833333,62.375,87.25833333,80.85,60.76666667,55.9,86.86666667,69.18333333,101.3083333,86.30833333,67.375,109.3166667,65.975,76.875,95.31666667,77.76666667,124.7833333,61.88333333,65.48333333,83.94166667,81.41666667,128.7333333,96.75,118.7916667,70.75,71.95833333,73.8,81.325,107.1583333,82.23333333,71.325,91.09166667,71.96666667,89.825,76.85,63.775,80.275,55.59166667,96.91666667,87.74166667,70.275,86.275,55.51666667,106.375,62.75833333,84.05,112.3916667,62.2,71.43333333,86.95,67.975
Tripura,180.6916667,181.2416667,185.9083333,209.9666667,210.625,209.5416667,176.8166667,193.2666667,192.4,189.0083333,206.65,192.4083333,217.7583333,210.7583333,234.9916667,212.9083333,185.1833333,251.1,170.675,197.975,219.85,205.225,223.7916667,225.1416667,203.95,205.2666667,240.6083333,206.0333333,238.2833333,207.2833333,205.1,230.15,204.3166667,253.4,211.9416667,243.1,228.475,247.6416667,217.3666667,210.575,247.175,223.4,202.3333333,239.7666667,254.3166667,253.0083333,267.5416667,235.1666667,248.025,201.9083333,217.45,234.2416667,221.8083333,242.0833333,238.775,251.8916667,191.9916667,164.0416667,193.9666667,150,158.4333333,151.875,247.5,194.0666667,169.25,206.5583333,185.8333333,175.8333333,300.8416667,359.6916667,256.7416667,112.825,175.5083333,194.1333333,184.15,220.9416667,196.55,179.2166667,145.7666667,192.075,172.6916667,168.9583333,215.675,204.5,175.4416667,195.1833333,196.7666667,235.0166667,196.5916667,215.1833333,237.6583333,185.125,240.1416667,142.7083333,195.0083333,182.8833333,184.3416667,185.45,186.075,196.9916667,179.1,186.8666667,180.1916667,196.1416667,153.0583333,156.0166667,211.525,145.7416667,144.8083333,191.2666667,157.6833333,160.25,129.7583333,133.325,160.1833333,163.0333333,233.775
Uttar Pradesh,64.66666667,61.38333333,67.375,78.775,36.11666667,81.55,49.14166667,72.175,75.25,72.975,62.64166667,67.025,41.26666667,73.95833333,66.875,92.85,93.35,30.99166667,80.74166667,51.9,82.68333333,83.4,75.18333333,88.675,78.65833333,76.425,77.85,53.71666667,54.2,65.7,77.56666667,58.825,86.29166667,74.80833333,65.39166667,101.55,56.40833333,60.86666667,60.09166667,65.325,43.025,90.68333333,70.86666667,64.2,80.5,74.73333333,67.41666667,85.675,75.55,69.50833333,60.73333333,72.94166667,63.46666667,73.26666667,88.40833333,88.70833333,83.76666667,97.11666667,64.025,94.13333333,99.84166667,66.51666667,77.475,83.5,56.13333333,63.00833333,96.425,57.75833333,73.175,71.99166667,83.575,48.75833333,67.16666667,55.74166667,82.45,54.41666667,82.86666667,103.6666667,46.5,82.05,61.625,80.75,99.30833333,65.1,79.76666667,59.60833333,38.90833333,86.29166667,54.78333333,79.85,62.4,68.39166667,64.34166667,67.25,68.90833333,78.425,37.1,72.275,65.53333333,64.275,55.14166667,52.1,87.28333333,53.53333333,60.46666667,44.1,47.70833333,66.63333333,45.76666667,68.38333333,64.775,32.46666667,77.725,40.56666667,48.56666667,57.75,48.775
Uttarakhand,130.2,110.3416667,108.8916667,124.3416667,108.5166667,128.1666667,99.525,104.675,143.15,163.6583333,128.575,116.1916667,94.8,161.7416667,133.4333333,139.8916667,175.25,101.2833333,131.9416667,110.7083333,154.0666667,155.0083333,131.9083333,160.5916667,127.9166667,115.1083333,137.4833333,103.4833333,101.0083333,105.9333333,111.1833333,114.1416667,132.9833333,111.5916667,94.75833333,159.3583333,127.7916667,127.4333333,95.225,101.9833333,88.46666667,142.625,113.875,99.9,137.325,127.225,113.3333333,127.9583333,117.6833333,132.0083333,97.875,123.15,130.4916667,155.2333333,138.9166667,161.9083333,148.3916667,124.9166667,145.2416667,128.3416667,162.35,137.3,150.1583333,147.4583333,108.8083333,122.1583333,129.675,123.2083333,136.3166667,107.7833333,150.3,89.825,103.3,96.8,131.6833333,82.19166667,118.025,169.2833333,89.35833333,111.1166667,113.025,114.3416667,127.1,111.5916667,137.8,126.2,82.26666667,133.5333333,105.3,130.4166667,85.05833333,92.34166667,132.8333333,120.15,134.675,116.7833333,66.95833333,99.88333333,98.8,142.7333333,128.7,131.225,144.5333333,101.6333333,112.35,98.24166667,160.3666667,113.6333333,70.63333333,118.6666667,130.3833333,101.9916667,144.6083333,107.2916667,103.9666667,109.05,122.9833333
West Bengal,176.0916667,265.025,200.3583333,180.825,250.4166667,218.1583333,210.8333333,165.6833333,222.5166667,253.8416667,266.175,232.8083333,244.575,201.1916667,208.75,289.7333333,236.8166667,248.475,212.0333333,240.3416667,292.775,250.1416667,207.4083333,245.9,240.5416667,219.8,227.6833333,239.0833333,244.275,182.0166667,239.7,226.3,209.5083333,217.7416667,232.0916667,221.6916667,214.025,270.7666667,215.9166667,193.35,226.4916667,197.1083333,243.1333333,215.2666667,229.6166667,230.7,211.1833333,244.7083333,273.9666667,230.2166667,223.6,272.575,216.1666667,254.6416667,249.4,240.45,185.4583333,235.0166667,215.0166667,217.5333333,192.0166667,210.15,217.0666667,248.4583333,230.2333333,209.6166667,238.375,281.5666667,202.0666667,225.1833333,268.9083333,201.2166667,233.7166667,278.4583333,221.9833333,232.8333333,242.2,198.1583333,209.3083333,262.3833333,247.4416667,194.7916667,236.5583333,229.0333333,253.1583333,197.1166667,265.4583333,261.7916667,237.8833333,297.1166667,256.0166667,196.575,241.325,177.2583333,296.475,233.35,212.6166667,304.6,276.9416667,242.3416667,217.7166667,212.2416667,226.9166667,226.2333333,233.975,188.5083333,219.8916667,224.15,193.725,217.7083333,201.5666667,219.3583333,200.5083333,193.5416667,209.875,218.7333333,223.7333333
West Uttar Pradesh,64.66666667,61.38333333,67.375,78.775,36.11666667,81.55,49.14166667,72.175,75.25,72.975,62.64166667,67.025,41.26666667,73.95833333,66.875,92.85,93.35,30.99166667,80.74166667,51.9,82.68333333,83.4,75.18333333,88.675,78.65833333,76.425,77.85,53.71666667,54.2,65.7,77.56666667,58.825,86.29166667,74.80833333,65.39166667,101.55,56.40833333,60.86666667,60.09166667,65.325,43.025,90.68333333,70.86666667,64.2,80.5,74.73333333,67.41666667,85.675,75.55,69.50833333,60.73333333,72.94166667,63.46666667,73.26666667,88.40833333,88.70833333,83.76666667,97.11666667,64.025,94.13333333,99.84166667,66.51666667,77.475,83.5,56.13333333,63.00833333,96.425,57.75833333,73.175,71.99166667,83.575,48.75833333,67.16666667,55.74166667,82.45,54.41666667,82.86666667,103.6666667,46.5,82.05,61.625,80.75,99.30833333,65.1,79.76666667,59.60833333,38.90833333,86.29166667,54.78333333,79.85,62.4,68.39166667,64.34166667,67.25,68.90833333,78.425,37.1,72.275,65.53333333,64.275,55.14166667,52.1,87.28333333,53.53333333,60.46666667,44.1,47.70833333,66.63333333,45.76666667,68.38333333,64.775,32.46666667,77.725,40.56666667,48.56666667,57.75,48.775
